"热门搜索词","搜索板块","展示次数","点击次数","曝光点击率","关联搜索词"
"张雪峰2025高考志愿填报","文章","1119","170","15.19%","张雪峰，事件脉络｜张雪峰高考志愿填报服务，资讯总结｜张雪峰高考志愿填报"
"爸爸当家慢享季资源","文章","858","131","15.27%","爸爸当家，爸爸当家慢享季，爸爸当家第四季"
"开始推理吧3资源","文章","659","249","37.78%","开始推理吧3，开始推理吧，开始推理吧3夸克"
"奔跑吧第13集免费播放","文章","592","181","30.57%","奔跑吧13最新一期完整版，奔跑吧，奔跑吧兄弟第13季"
"2025年模拟填报志愿","文章","575","41","7.13%","高考志愿填报入口，模拟填报志愿入口，批次线"
"高考指南2025电子版","文章","528","64","12.12%","高考指南，2025志愿填报电子版，高考志愿填报指南pdf"
"开始推理吧3","文章","474","30","6.33%","开始推理吧3资源，开始推理吧，开始推理吧3夸克"
"特殊类型招生","文章","438","14","3.20%","特殊类型招生控制线，特殊类型，强基计划"
"现在就出发2资源","文章","391","60","15.35%","现在就出发2，现在就出发，现在就出发3"
"高考志愿填报模拟演练","文章","278","20","7.19%","高考志愿填报，模拟填报志愿入口，高考志愿填报入口"
